firstName;lastName;productName;categoryName;vendorName
Abby;Fernandez;HL Mountain Tire;Accessories.Tires and Tubes;Sport Fan Co.
Abby;Fernandez;HL Mountain Tire;Accessories.Tires and Tubes;Trikes, Inc.
Abby;Fernandez;Patch Kit/8 Patches;Accessories.Tires and Tubes;Green Lake Bike Company
Aidan;Ross;HL Mountain Tire;Accessories.Tires and Tubes;Sport Fan Co.
Aidan;Ross;HL Mountain Tire;Accessories.Tires and Tubes;Trikes, Inc.
Aidan;Ross;Mountain Tire Tube;Accessories.Tires and Tubes;Trikes, Inc.
Aidan;Ross;Sport-100 Helmet, Blue;Accessories.Helmets;G & K Bicycle Corp.
Alfredo;Romero;Hitch Rack - 4-Bike;Accessories.Bike Racks;Green Lake Bike Company
Alfredo;Romero;HL Mountain Tire;Accessories.Tires and Tubes;Sport Fan Co.
Alfredo;Romero;HL Mountain Tire;Accessories.Tires and Tubes;Trikes, Inc.
Alfredo;Romero;Mountain Tire Tube;Accessories.Tires and Tubes;Trikes, Inc.
Alfredo;Romero;Patch Kit/8 Patches;Accessories.Tires and Tubes;Green Lake Bike Company
Amanda;Cook;HL Mountain Tire;Accessories.Tires and Tubes;Sport Fan Co.
Amanda;Cook;HL Mountain Tire;Accessories.Tires and Tubes;Trikes, Inc.
Amanda;Cook;Mountain Tire Tube;Accessories.Tires and Tubes;Trikes, Inc.
Amanda;Cook;Patch Kit/8 Patches;Accessories.Tires and Tubes;Green Lake Bike Company
Andrea;Morris;All-Purpose Bike Stand;Accessories.Bike Stands;Green Lake Bike Company
Andrea;Morris;HL Mountain Tire;Accessories.Tires and Tubes;Sport Fan Co.
Andrea;Morris;HL Mountain Tire;Accessories.Tires and Tubes;Trikes, Inc.
Andrea;Morris;Mountain Tire Tube;Accessories.Tires and Tubes;Trikes, Inc.
Andrea;Morris;Patch Kit/8 Patches;Accessories.Tires and Tubes;Green Lake Bike Company
Andrea;Morris;Road Tire Tube;Accessories.Tires and Tubes;Victory Bikes
Angel;Stewart;Half-Finger Gloves, M;Clothing.Gloves;Team Athletic Co.
Angel;Stewart;HL Mountain Tire;Accessories.Tires and Tubes;Sport Fan Co.
Angel;Stewart;HL Mountain Tire;Accessories.Tires and Tubes;Trikes, Inc.
Angel;Stewart;Mountain Tire Tube;Accessories.Tires and Tubes;Trikes, Inc.
Angel;Stewart;Road Tire Tube;Accessories.Tires and Tubes;Victory Bikes
Angel;Stewart;Sport-100 Helmet, Blue;Accessories.Helmets;G & K Bicycle Corp.
Angela;Griffin;Fender Set - Mountain;Accessories.Fenders;Green Lake Bike Company
Angela;Griffin;HL Mountain Tire;Accessories.Tires and Tubes;Sport Fan Co.
Angela;Griffin;HL Mountain Tire;Accessories.Tires and Tubes;Trikes, Inc.
Angela;Griffin;Mountain Bottle Cage;Accessories.Bottles and Cages;Green Lake Bike Company
Angela;Griffin;Water Bottle - 30 oz.;Accessories.Bottles and Cages;Green Lake Bike Company
Angela;James;Classic Vest, S;Clothing.Vests;Team Athletic Co.
Angela;James;HL Mountain Tire;Accessories.Tires and Tubes;Sport Fan Co.
Angela;James;HL Mountain Tire;Accessories.Tires and Tubes;Trikes, Inc.
Angela;James;Mountain Tire Tube;Accessories.Tires and Tubes;Trikes, Inc.
Angela;James;Patch Kit/8 Patches;Accessories.Tires and Tubes;Green Lake Bike Company
Angela;James;Road Tire Tube;Accessories.Tires and Tubes;Victory Bikes
Angela;Murphy;AWC Logo Cap;Clothing.Caps;Integrated Sport Products
Angela;Murphy;Mountain Bottle Cage;Accessories.Bottles and Cages;Green Lake Bike Company
Angela;Murphy;Short-Sleeve Classic Jersey, L;Clothing.Jerseys;Integrated Sport Products
Angela;Murphy;Water Bottle - 30 oz.;Accessories.Bottles and Cages;Green Lake Bike Company
Anna;Foster;Half-Finger Gloves, S;Clothing.Gloves;Team Athletic Co.
Anna;Foster;HL Mountain Tire;Accessories.Tires and Tubes;Sport Fan Co.
Anna;Foster;HL Mountain Tire;Accessories.Tires and Tubes;Trikes, Inc.
Anna;Foster;Short-Sleeve Classic Jersey, S;Clothing.Jerseys;Integrated Sport Products
Ariana;Cook;HL Mountain Tire;Accessories.Tires and Tubes;Sport Fan Co.
Ariana;Cook;HL Mountain Tire;Accessories.Tires and Tubes;Trikes, Inc.
Ariana;Cook;Patch Kit/8 Patches;Accessories.Tires and Tubes;Green Lake Bike Company
Ariana;Peterson;HL Mountain Tire;Accessories.Tires and Tubes;Sport Fan Co.
Ariana;Peterson;HL Mountain Tire;Accessories.Tires and Tubes;Trikes, Inc.
Ariana;Peterson;Mountain Tire Tube;Accessories.Tires and Tubes;Trikes, Inc.
Ariana;Peterson;Patch Kit/8 Patches;Accessories.Tires and Tubes;Green Lake Bike Company
Ashley;Martinez;HL Mountain Tire;Accessories.Tires and Tubes;Sport Fan Co.
Ashley;Martinez;HL Mountain Tire;Accessories.Tires and Tubes;Trikes, Inc.
Ashley;Martinez;Mountain Tire Tube;Accessories.Tires and Tubes;Trikes, Inc.
Ashley;Martinez;Racing Socks, L;Clothing.Socks;Jeff's Sporting Goods
Ashley;Martinez;Road Tire Tube;Accessories.Tires and Tubes;Victory Bikes
Ashley;Martinez;Sport-100 Helmet, Black;Accessories.Helmets;G & K Bicycle Corp.
Austin;Bryant;AWC Logo Cap;Clothing.Caps;Integrated Sport Products
Austin;Bryant;Fender Set - Mountain;Accessories.Fenders;Green Lake Bike Company
Austin;Bryant;Mountain Bottle Cage;Accessories.Bottles and Cages;Green Lake Bike Company
Austin;Bryant;Water Bottle - 30 oz.;Accessories.Bottles and Cages;Green Lake Bike Company
Blake;Flores;HL Mountain Tire;Accessories.Tires and Tubes;Sport Fan Co.
Blake;Flores;HL Mountain Tire;Accessories.Tires and Tubes;Trikes, Inc.
Blake;Flores;Mountain Tire Tube;Accessories.Tires and Tubes;Trikes, Inc.
Blake;Flores;Patch Kit/8 Patches;Accessories.Tires and Tubes;Green Lake Bike Company
Blake;Flores;Sport-100 Helmet, Blue;Accessories.Helmets;G & K Bicycle Corp.
Caleb;Carter;Half-Finger Gloves, S;Clothing.Gloves;Team Athletic Co.
Caleb;Carter;HL Mountain Tire;Accessories.Tires and Tubes;Sport Fan Co.
Caleb;Carter;HL Mountain Tire;Accessories.Tires and Tubes;Trikes, Inc.
Caleb;Carter;Mountain Tire Tube;Accessories.Tires and Tubes;Trikes, Inc.
Caleb;Carter;Patch Kit/8 Patches;Accessories.Tires and Tubes;Green Lake Bike Company
Caleb;Carter;Road Tire Tube;Accessories.Tires and Tubes;Victory Bikes
Caleb;Carter;Sport-100 Helmet, Blue;Accessories.Helmets;G & K Bicycle Corp.
Caleb;Perry;HL Mountain Tire;Accessories.Tires and Tubes;Sport Fan Co.
Caleb;Perry;HL Mountain Tire;Accessories.Tires and Tubes;Trikes, Inc.
Cameron;Rodriguez;HL Mountain Tire;Accessories.Tires and Tubes;Sport Fan Co.
Cameron;Rodriguez;HL Mountain Tire;Accessories.Tires and Tubes;Trikes, Inc.
Cameron;Rodriguez;Mountain Tire Tube;Accessories.Tires and Tubes;Trikes, Inc.
Cameron;Rodriguez;Patch Kit/8 Patches;Accessories.Tires and Tubes;Green Lake Bike Company
Cameron;Rodriguez;Short-Sleeve Classic Jersey, S;Clothing.Jerseys;Integrated Sport Products
Cameron;Rodriguez;Sport-100 Helmet, Black;Accessories.Helmets;G & K Bicycle Corp.
Carol;Howard;AWC Logo Cap;Clothing.Caps;Integrated Sport Products
Carol;Howard;Fender Set - Mountain;Accessories.Fenders;Green Lake Bike Company
Carol;Howard;HL Mountain Tire;Accessories.Tires and Tubes;Sport Fan Co.
Carol;Howard;HL Mountain Tire;Accessories.Tires and Tubes;Trikes, Inc.
Carol;Howard;Long-Sleeve Logo Jersey, S;Clothing.Jerseys;Integrated Sport Products
Carol;Howard;Patch Kit/8 Patches;Accessories.Tires and Tubes;Green Lake Bike Company
Carol;Howard;Road Tire Tube;Accessories.Tires and Tubes;Victory Bikes
Carol;Howard;Sport-100 Helmet, Red;Accessories.Helmets;G & K Bicycle Corp.
Caroline;Russell;HL Mountain Tire;Accessories.Tires and Tubes;Sport Fan Co.
Caroline;Russell;HL Mountain Tire;Accessories.Tires and Tubes;Trikes, Inc.
Caroline;Russell;Patch Kit/8 Patches;Accessories.Tires and Tubes;Green Lake Bike Company
Charles;Cook;HL Mountain Tire;Accessories.Tires and Tubes;Sport Fan Co.
Charles;Cook;HL Mountain Tire;Accessories.Tires and Tubes;Trikes, Inc.
Charles;Cook;Patch Kit/8 Patches;Accessories.Tires and Tubes;Green Lake Bike Company
Charles;Miller;Hitch Rack - 4-Bike;Accessories.Bike Racks;Green Lake Bike Company
Charles;Miller;HL Mountain Tire;Accessories.Tires and Tubes;Sport Fan Co.
Charles;Miller;HL Mountain Tire;Accessories.Tires and Tubes;Trikes, Inc.
Charles;Miller;Mountain Tire Tube;Accessories.Tires and Tubes;Trikes, Inc.
Charles;Miller;Patch Kit/8 Patches;Accessories.Tires and Tubes;Green Lake Bike Company
Charles;Torres;HL Mountain Tire;Accessories.Tires and Tubes;Sport Fan Co.
Charles;Torres;HL Mountain Tire;Accessories.Tires and Tubes;Trikes, Inc.
Charles;Torres;Mountain Tire Tube;Accessories.Tires and Tubes;Trikes, Inc.
Charles;Torres;Patch Kit/8 Patches;Accessories.Tires and Tubes;Green Lake Bike Company
Christian;Hughes;Mountain Bottle Cage;Accessories.Bottles and Cages;Green Lake Bike Company
Christian;Hughes;Water Bottle - 30 oz.;Accessories.Bottles and Cages;Green Lake Bike Company
Christian;Thomas;Classic Vest, L;Clothing.Vests;Team Athletic Co.
Christian;Thomas;Fender Set - Mountain;Accessories.Fenders;Green Lake Bike Company
Christian;Thomas;HL Mountain Tire;Accessories.Tires and Tubes;Sport Fan Co.
Christian;Thomas;HL Mountain Tire;Accessories.Tires and Tubes;Trikes, Inc.
Christian;Thomas;Mountain Tire Tube;Accessories.Tires and Tubes;Trikes, Inc.
Colin;Lin;HL Mountain Tire;Accessories.Tires and Tubes;Sport Fan Co.
Colin;Lin;HL Mountain Tire;Accessories.Tires and Tubes;Trikes, Inc.
Colin;Lin;Mountain Tire Tube;Accessories.Tires and Tubes;Trikes, Inc.
Colin;Lin;Road Tire Tube;Accessories.Tires and Tubes;Victory Bikes
Colin;Lin;Sport-100 Helmet, Blue;Accessories.Helmets;G & K Bicycle Corp.
Colin;Lin;Sport-100 Helmet, Red;Accessories.Helmets;G & K Bicycle Corp.
Dalton;Clark;HL Mountain Tire;Accessories.Tires and Tubes;Sport Fan Co.
Dalton;Clark;HL Mountain Tire;Accessories.Tires and Tubes;Trikes, Inc.
Dalton;Clark;Mountain Tire Tube;Accessories.Tires and Tubes;Trikes, Inc.
Dalton;Clark;Patch Kit/8 Patches;Accessories.Tires and Tubes;Green Lake Bike Company
Dalton;Diaz;HL Mountain Tire;Accessories.Tires and Tubes;Sport Fan Co.
Dalton;Diaz;HL Mountain Tire;Accessories.Tires and Tubes;Trikes, Inc.
Dalton;Diaz;Mountain Tire Tube;Accessories.Tires and Tubes;Trikes, Inc.
Danielle;Cox;HL Mountain Tire;Accessories.Tires and Tubes;Sport Fan Co.
Danielle;Cox;HL Mountain Tire;Accessories.Tires and Tubes;Trikes, Inc.
Danielle;Cox;Mountain Tire Tube;Accessories.Tires and Tubes;Trikes, Inc.
Danielle;Cox;Patch Kit/8 Patches;Accessories.Tires and Tubes;Green Lake Bike Company
Danielle;Cox;Sport-100 Helmet, Blue;Accessories.Helmets;G & K Bicycle Corp.
Dennis;Zhang;Fender Set - Mountain;Accessories.Fenders;Green Lake Bike Company
Dennis;Zhang;HL Mountain Tire;Accessories.Tires and Tubes;Sport Fan Co.
Dennis;Zhang;HL Mountain Tire;Accessories.Tires and Tubes;Trikes, Inc.
Dennis;Zhang;Mountain Tire Tube;Accessories.Tires and Tubes;Trikes, Inc.
Dennis;Zhang;Patch Kit/8 Patches;Accessories.Tires and Tubes;Green Lake Bike Company
Destiny;Rivera;HL Mountain Tire;Accessories.Tires and Tubes;Sport Fan Co.
Destiny;Rivera;HL Mountain Tire;Accessories.Tires and Tubes;Trikes, Inc.
Destiny;Rivera;Mountain Tire Tube;Accessories.Tires and Tubes;Trikes, Inc.
Destiny;Rivera;Patch Kit/8 Patches;Accessories.Tires and Tubes;Green Lake Bike Company
Destiny;Rivera;Sport-100 Helmet, Blue;Accessories.Helmets;G & K Bicycle Corp.
Destiny;Wilson;Fender Set - Mountain;Accessories.Fenders;Green Lake Bike Company
Destiny;Wilson;Hydration Pack - 70 oz.;Accessories.Hydration Packs;Green Lake Bike Company
Devin;Nelson;Fender Set - Mountain;Accessories.Fenders;Green Lake Bike Company
Devin;Nelson;Mountain Bottle Cage;Accessories.Bottles and Cages;Green Lake Bike Company
Devin;Nelson;Racing Socks, L;Clothing.Socks;Jeff's Sporting Goods
Devin;Nelson;Water Bottle - 30 oz.;Accessories.Bottles and Cages;Green Lake Bike Company
Eduardo;Martin;AWC Logo Cap;Clothing.Caps;Integrated Sport Products
Eduardo;Martin;Fender Set - Mountain;Accessories.Fenders;Green Lake Bike Company
Eduardo;Martin;Long-Sleeve Logo Jersey, M;Clothing.Jerseys;Integrated Sport Products
Eduardo;Martin;Long-Sleeve Logo Jersey, S;Clothing.Jerseys;Integrated Sport Products
Eduardo;Martin;Road Bottle Cage;Accessories.Bottles and Cages;Green Lake Bike Company
Eduardo;Martin;Water Bottle - 30 oz.;Accessories.Bottles and Cages;Green Lake Bike Company
Edward;Hernandez;Hydration Pack - 70 oz.;Accessories.Hydration Packs;Green Lake Bike Company
Edward;Hernandez;Long-Sleeve Logo Jersey, XL;Clothing.Jerseys;Integrated Sport Products
Edward;Washington;Bike Wash - Dissolver;Accessories.Cleaners;Green Lake Bike Company
Edward;Washington;Fender Set - Mountain;Accessories.Fenders;Green Lake Bike Company
Edward;Washington;HL Mountain Tire;Accessories.Tires and Tubes;Sport Fan Co.
Edward;Washington;HL Mountain Tire;Accessories.Tires and Tubes;Trikes, Inc.
Edward;Washington;Mountain Bottle Cage;Accessories.Bottles and Cages;Green Lake Bike Company
Edward;Washington;Patch Kit/8 Patches;Accessories.Tires and Tubes;Green Lake Bike Company
Edward;Washington;Water Bottle - 30 oz.;Accessories.Bottles and Cages;Green Lake Bike Company
Elijah;Ross;Fender Set - Mountain;Accessories.Fenders;Green Lake Bike Company
Elijah;Ross;Hydration Pack - 70 oz.;Accessories.Hydration Packs;Green Lake Bike Company
Elijah;Ross;Mountain Bottle Cage;Accessories.Bottles and Cages;Green Lake Bike Company
Elijah;Ross;Short-Sleeve Classic Jersey, M;Clothing.Jerseys;Integrated Sport Products
Elijah;Ross;Water Bottle - 30 oz.;Accessories.Bottles and Cages;Green Lake Bike Company
Elizabeth;Jones;Fender Set - Mountain;Accessories.Fenders;Green Lake Bike Company
Elizabeth;Jones;Sport-100 Helmet, Blue;Accessories.Helmets;G & K Bicycle Corp.
Elizabeth;Wilson;HL Mountain Tire;Accessories.Tires and Tubes;Sport Fan Co.
Elizabeth;Wilson;HL Mountain Tire;Accessories.Tires and Tubes;Trikes, Inc.
Elizabeth;Wilson;Mountain Tire Tube;Accessories.Tires and Tubes;Trikes, Inc.
Elizabeth;Wilson;Patch Kit/8 Patches;Accessories.Tires and Tubes;Green Lake Bike Company
Elizabeth;Wilson;Sport-100 Helmet, Black;Accessories.Helmets;G & K Bicycle Corp.
Ethan;Kumar;AWC Logo Cap;Clothing.Caps;Integrated Sport Products
Ethan;Kumar;HL Mountain Tire;Accessories.Tires and Tubes;Sport Fan Co.
Ethan;Kumar;HL Mountain Tire;Accessories.Tires and Tubes;Trikes, Inc.
Ethan;Kumar;Patch Kit/8 Patches;Accessories.Tires and Tubes;Green Lake Bike Company
Ethan;Kumar;Short-Sleeve Classic Jersey, M;Clothing.Jerseys;Integrated Sport Products
Ethan;Zhang;Patch Kit/8 Patches;Accessories.Tires and Tubes;Green Lake Bike Company
Gabriel;Allen;Fender Set - Mountain;Accessories.Fenders;Green Lake Bike Company
Gabriel;Allen;Half-Finger Gloves, L;Clothing.Gloves;Team Athletic Co.
Gabriel;Allen;HL Mountain Tire;Accessories.Tires and Tubes;Sport Fan Co.
Gabriel;Allen;HL Mountain Tire;Accessories.Tires and Tubes;Trikes, Inc.
Gabriel;Allen;Long-Sleeve Logo Jersey, M;Clothing.Jerseys;Integrated Sport Products
Gabriel;Allen;Patch Kit/8 Patches;Accessories.Tires and Tubes;Green Lake Bike Company
Gabriella;Turner;Half-Finger Gloves, M;Clothing.Gloves;Team Athletic Co.
Gabriella;Turner;HL Mountain Tire;Accessories.Tires and Tubes;Sport Fan Co.
Gabriella;Turner;HL Mountain Tire;Accessories.Tires and Tubes;Trikes, Inc.
Gabriella;Turner;Mountain Tire Tube;Accessories.Tires and Tubes;Trikes, Inc.
Gabriella;Turner;Short-Sleeve Classic Jersey, L;Clothing.Jerseys;Integrated Sport Products
Gabriella;Turner;Sport-100 Helmet, Black;Accessories.Helmets;G & K Bicycle Corp.
Gabrielle;Adams;HL Mountain Tire;Accessories.Tires and Tubes;Sport Fan Co.
Gabrielle;Adams;HL Mountain Tire;Accessories.Tires and Tubes;Trikes, Inc.
Gabrielle;Adams;Mountain Bottle Cage;Accessories.Bottles and Cages;Green Lake Bike Company
Gabrielle;Adams;Mountain Tire Tube;Accessories.Tires and Tubes;Trikes, Inc.
Gabrielle;Adams;Road Tire Tube;Accessories.Tires and Tubes;Victory Bikes
Gabrielle;Adams;Sport-100 Helmet, Black;Accessories.Helmets;G & K Bicycle Corp.
Gabrielle;Adams;Water Bottle - 30 oz.;Accessories.Bottles and Cages;Green Lake Bike Company
Gabrielle;Lopez;HL Mountain Tire;Accessories.Tires and Tubes;Sport Fan Co.
Gabrielle;Lopez;HL Mountain Tire;Accessories.Tires and Tubes;Trikes, Inc.
Gabrielle;Lopez;Mountain Tire Tube;Accessories.Tires and Tubes;Trikes, Inc.
Gabrielle;Lopez;Patch Kit/8 Patches;Accessories.Tires and Tubes;Green Lake Bike Company
Gabrielle;Lopez;Sport-100 Helmet, Blue;Accessories.Helmets;G & K Bicycle Corp.
Grace;Butler;HL Mountain Tire;Accessories.Tires and Tubes;Sport Fan Co.
Grace;Butler;HL Mountain Tire;Accessories.Tires and Tubes;Trikes, Inc.
Grace;Butler;Mountain Tire Tube;Accessories.Tires and Tubes;Trikes, Inc.
Grace;Butler;Patch Kit/8 Patches;Accessories.Tires and Tubes;Green Lake Bike Company
Grace;Butler;Road Tire Tube;Accessories.Tires and Tubes;Victory Bikes
Grace;Butler;Sport-100 Helmet, Blue;Accessories.Helmets;G & K Bicycle Corp.
Hailey;Bryant;HL Mountain Tire;Accessories.Tires and Tubes;Sport Fan Co.
Hailey;Bryant;HL Mountain Tire;Accessories.Tires and Tubes;Trikes, Inc.
Hailey;Bryant;Patch Kit/8 Patches;Accessories.Tires and Tubes;Green Lake Bike Company
Hailey;Ward;HL Mountain Tire;Accessories.Tires and Tubes;Sport Fan Co.
Hailey;Ward;HL Mountain Tire;Accessories.Tires and Tubes;Trikes, Inc.
Hailey;Ward;Mountain Tire Tube;Accessories.Tires and Tubes;Trikes, Inc.
Hailey;Ward;Patch Kit/8 Patches;Accessories.Tires and Tubes;Green Lake Bike Company
Haley;Powell;HL Mountain Tire;Accessories.Tires and Tubes;Sport Fan Co.
Haley;Powell;HL Mountain Tire;Accessories.Tires and Tubes;Trikes, Inc.
Haley;Richardson;Fender Set - Mountain;Accessories.Fenders;Green Lake Bike Company
Haley;Richardson;Patch Kit/8 Patches;Accessories.Tires and Tubes;Green Lake Bike Company
Hannah;Long;HL Mountain Tire;Accessories.Tires and Tubes;Sport Fan Co.
Hannah;Long;HL Mountain Tire;Accessories.Tires and Tubes;Trikes, Inc.
Hannah;Long;Patch Kit/8 Patches;Accessories.Tires and Tubes;Green Lake Bike Company
Hannah;Long;Road Tire Tube;Accessories.Tires and Tubes;Victory Bikes
Ian;Gonzales;Fender Set - Mountain;Accessories.Fenders;Green Lake Bike Company
Ian;Gonzales;HL Mountain Tire;Accessories.Tires and Tubes;Sport Fan Co.
Ian;Gonzales;HL Mountain Tire;Accessories.Tires and Tubes;Trikes, Inc.
Ian;Gonzales;Patch Kit/8 Patches;Accessories.Tires and Tubes;Green Lake Bike Company
Ian;Gonzales;Sport-100 Helmet, Red;Accessories.Helmets;G & K Bicycle Corp.
Ian;Gray;HL Mountain Tire;Accessories.Tires and Tubes;Sport Fan Co.
Ian;Gray;HL Mountain Tire;Accessories.Tires and Tubes;Trikes, Inc.
Ian;Gray;Patch Kit/8 Patches;Accessories.Tires and Tubes;Green Lake Bike Company
Ian;Gray;Road Tire Tube;Accessories.Tires and Tubes;Victory Bikes
Ian;Jenkins;HL Mountain Tire;Accessories.Tires and Tubes;Sport Fan Co.
Ian;Jenkins;HL Mountain Tire;Accessories.Tires and Tubes;Trikes, Inc.
Ian;Jenkins;Mountain Tire Tube;Accessories.Tires and Tubes;Trikes, Inc.
Ian;Jenkins;Road Tire Tube;Accessories.Tires and Tubes;Victory Bikes
Ian;Jenkins;Sport-100 Helmet, Black;Accessories.Helmets;G & K Bicycle Corp.
Ian;Jenkins;Sport-100 Helmet, Blue;Accessories.Helmets;G & K Bicycle Corp.
James;Brown;HL Mountain Tire;Accessories.Tires and Tubes;Sport Fan Co.
James;Brown;HL Mountain Tire;Accessories.Tires and Tubes;Trikes, Inc.
James;Brown;Mountain Tire Tube;Accessories.Tires and Tubes;Trikes, Inc.
James;Brown;Road Tire Tube;Accessories.Tires and Tubes;Victory Bikes
James;Brown;Sport-100 Helmet, Black;Accessories.Helmets;G & K Bicycle Corp.
James;Brown;Sport-100 Helmet, Blue;Accessories.Helmets;G & K Bicycle Corp.
Jasmine;Barnes;HL Mountain Tire;Accessories.Tires and Tubes;Sport Fan Co.
Jasmine;Barnes;HL Mountain Tire;Accessories.Tires and Tubes;Trikes, Inc.
Jasmine;Barnes;Short-Sleeve Classic Jersey, XL;Clothing.Jerseys;Integrated Sport Products
Jasmine;Coleman;Mountain Bottle Cage;Accessories.Bottles and Cages;Green Lake Bike Company
Jasmine;Coleman;Water Bottle - 30 oz.;Accessories.Bottles and Cages;Green Lake Bike Company
Jasmine;Taylor;All-Purpose Bike Stand;Accessories.Bike Stands;Green Lake Bike Company
Jasmine;Taylor;HL Mountain Tire;Accessories.Tires and Tubes;Sport Fan Co.
Jasmine;Taylor;HL Mountain Tire;Accessories.Tires and Tubes;Trikes, Inc.
Jasmine;Taylor;Patch Kit/8 Patches;Accessories.Tires and Tubes;Green Lake Bike Company
Jasmine;Taylor;Road Tire Tube;Accessories.Tires and Tubes;Victory Bikes
Jasmine;Torres;HL Mountain Tire;Accessories.Tires and Tubes;Sport Fan Co.
Jasmine;Torres;HL Mountain Tire;Accessories.Tires and Tubes;Trikes, Inc.
Jasmine;Torres;Mountain Tire Tube;Accessories.Tires and Tubes;Trikes, Inc.
Jasmine;Torres;Sport-100 Helmet, Red;Accessories.Helmets;G & K Bicycle Corp.
Jennifer;Cooper;Classic Vest, S;Clothing.Vests;Team Athletic Co.
Jennifer;Cooper;HL Mountain Tire;Accessories.Tires and Tubes;Sport Fan Co.
Jennifer;Cooper;HL Mountain Tire;Accessories.Tires and Tubes;Trikes, Inc.
Jennifer;Cooper;Mountain Tire Tube;Accessories.Tires and Tubes;Trikes, Inc.
Jennifer;Cooper;Road Tire Tube;Accessories.Tires and Tubes;Victory Bikes
Jeremy;Butler;HL Mountain Tire;Accessories.Tires and Tubes;Sport Fan Co.
Jeremy;Butler;HL Mountain Tire;Accessories.Tires and Tubes;Trikes, Inc.
Jeremy;Butler;Mountain Tire Tube;Accessories.Tires and Tubes;Trikes, Inc.
Jeremy;Butler;Road Tire Tube;Accessories.Tires and Tubes;Victory Bikes
Jeremy;Butler;Sport-100 Helmet, Black;Accessories.Helmets;G & K Bicycle Corp.
Jeremy;Butler;Sport-100 Helmet, Blue;Accessories.Helmets;G & K Bicycle Corp.
Jesse;Murphy;Fender Set - Mountain;Accessories.Fenders;Green Lake Bike Company
Jesse;Murphy;Racing Socks, M;Clothing.Socks;Jeff's Sporting Goods
Jessica;Wilson;HL Mountain Tire;Accessories.Tires and Tubes;Sport Fan Co.
Jessica;Wilson;HL Mountain Tire;Accessories.Tires and Tubes;Trikes, Inc.
Jessica;Wilson;Mountain Tire Tube;Accessories.Tires and Tubes;Trikes, Inc.
Jessica;Wilson;Patch Kit/8 Patches;Accessories.Tires and Tubes;Green Lake Bike Company
Johnathan;Vance;Classic Vest, L;Clothing.Vests;Team Athletic Co.
Johnathan;Vance;Fender Set - Mountain;Accessories.Fenders;Green Lake Bike Company
Johnathan;Vance;Half-Finger Gloves, M;Clothing.Gloves;Team Athletic Co.
Johnathan;Vance;HL Mountain Tire;Accessories.Tires and Tubes;Sport Fan Co.
Johnathan;Vance;HL Mountain Tire;Accessories.Tires and Tubes;Trikes, Inc.
Johnathan;Vance;Mountain Bottle Cage;Accessories.Bottles and Cages;Green Lake Bike Company
Johnathan;Vance;Mountain Tire Tube;Accessories.Tires and Tubes;Trikes, Inc.
Johnathan;Vance;Road Tire Tube;Accessories.Tires and Tubes;Victory Bikes
Johnathan;Vance;Sport-100 Helmet, Black;Accessories.Helmets;G & K Bicycle Corp.
Johnathan;Vance;Water Bottle - 30 oz.;Accessories.Bottles and Cages;Green Lake Bike Company
Jonathan;Phillips;Sport-100 Helmet, Black;Accessories.Helmets;G & K Bicycle Corp.
Julia;Coleman;Patch Kit/8 Patches;Accessories.Tires and Tubes;Green Lake Bike Company
Julia;Garcia;Bike Wash - Dissolver;Accessories.Cleaners;Green Lake Bike Company
Julia;Garcia;Fender Set - Mountain;Accessories.Fenders;Green Lake Bike Company
Julia;Garcia;HL Mountain Tire;Accessories.Tires and Tubes;Sport Fan Co.
Julia;Garcia;HL Mountain Tire;Accessories.Tires and Tubes;Trikes, Inc.
Julia;Garcia;Hydration Pack - 70 oz.;Accessories.Hydration Packs;Green Lake Bike Company
Julia;Garcia;Patch Kit/8 Patches;Accessories.Tires and Tubes;Green Lake Bike Company
Katelyn;Hernandez;HL Mountain Tire;Accessories.Tires and Tubes;Sport Fan Co.
Katelyn;Hernandez;HL Mountain Tire;Accessories.Tires and Tubes;Trikes, Inc.
Katelyn;Hernandez;Mountain Tire Tube;Accessories.Tires and Tubes;Trikes, Inc.
Katelyn;Hernandez;Patch Kit/8 Patches;Accessories.Tires and Tubes;Green Lake Bike Company
Katelyn;Hernandez;Road Tire Tube;Accessories.Tires and Tubes;Victory Bikes
Katelyn;Hernandez;Sport-100 Helmet, Black;Accessories.Helmets;G & K Bicycle Corp.
Kyle;Foster;Mountain Bottle Cage;Accessories.Bottles and Cages;Green Lake Bike Company
Kyle;Foster;Water Bottle - 30 oz.;Accessories.Bottles and Cages;Green Lake Bike Company
Lauren;Miller;HL Mountain Tire;Accessories.Tires and Tubes;Sport Fan Co.
Lauren;Miller;HL Mountain Tire;Accessories.Tires and Tubes;Trikes, Inc.
Lauren;Miller;Mountain Tire Tube;Accessories.Tires and Tubes;Trikes, Inc.
Lauren;Miller;Patch Kit/8 Patches;Accessories.Tires and Tubes;Green Lake Bike Company
Lauren;Walker;HL Mountain Tire;Accessories.Tires and Tubes;Sport Fan Co.
Lauren;Walker;HL Mountain Tire;Accessories.Tires and Tubes;Trikes, Inc.
Lauren;Walker;Mountain Tire Tube;Accessories.Tires and Tubes;Trikes, Inc.
Lauren;Walker;Patch Kit/8 Patches;Accessories.Tires and Tubes;Green Lake Bike Company
Lauren;Walker;Road Tire Tube;Accessories.Tires and Tubes;Victory Bikes
Lauren;Walker;Sport-100 Helmet, Black;Accessories.Helmets;G & K Bicycle Corp.
Lawrence;Blanco;Fender Set - Mountain;Accessories.Fenders;Green Lake Bike Company
Lawrence;Blanco;HL Mountain Tire;Accessories.Tires and Tubes;Sport Fan Co.
Lawrence;Blanco;HL Mountain Tire;Accessories.Tires and Tubes;Trikes, Inc.
Lawrence;Blanco;Mountain Tire Tube;Accessories.Tires and Tubes;Trikes, Inc.
Lawrence;Blanco;Racing Socks, L;Clothing.Socks;Jeff's Sporting Goods
Leah;She;AWC Logo Cap;Clothing.Caps;Integrated Sport Products
Leah;She;Fender Set - Mountain;Accessories.Fenders;Green Lake Bike Company
Leah;She;HL Mountain Tire;Accessories.Tires and Tubes;Sport Fan Co.
Leah;She;HL Mountain Tire;Accessories.Tires and Tubes;Trikes, Inc.
Leah;She;Long-Sleeve Logo Jersey, S;Clothing.Jerseys;Integrated Sport Products
Leah;She;Mountain Tire Tube;Accessories.Tires and Tubes;Trikes, Inc.
Leah;She;Patch Kit/8 Patches;Accessories.Tires and Tubes;Green Lake Bike Company
Lucas;Phillips;Patch Kit/8 Patches;Accessories.Tires and Tubes;Green Lake Bike Company
Lucas;Phillips;Road Bottle Cage;Accessories.Bottles and Cages;Green Lake Bike Company
Lucas;Phillips;Water Bottle - 30 oz.;Accessories.Bottles and Cages;Green Lake Bike Company
Luke;Long;Bike Wash - Dissolver;Accessories.Cleaners;Green Lake Bike Company
Luke;Long;HL Mountain Tire;Accessories.Tires and Tubes;Sport Fan Co.
Luke;Long;HL Mountain Tire;Accessories.Tires and Tubes;Trikes, Inc.
Luke;Long;Mountain Tire Tube;Accessories.Tires and Tubes;Trikes, Inc.
Luke;Long;Patch Kit/8 Patches;Accessories.Tires and Tubes;Green Lake Bike Company
Luke;Long;Sport-100 Helmet, Black;Accessories.Helmets;G & K Bicycle Corp.
Madison;Lee;AWC Logo Cap;Clothing.Caps;Integrated Sport Products
Madison;Lee;Fender Set - Mountain;Accessories.Fenders;Green Lake Bike Company
Madison;Lee;HL Mountain Tire;Accessories.Tires and Tubes;Sport Fan Co.
Madison;Lee;HL Mountain Tire;Accessories.Tires and Tubes;Trikes, Inc.
Madison;Lee;Mountain Tire Tube;Accessories.Tires and Tubes;Trikes, Inc.
Madison;Lee;Patch Kit/8 Patches;Accessories.Tires and Tubes;Green Lake Bike Company
Megan;Henderson;Half-Finger Gloves, L;Clothing.Gloves;Team Athletic Co.
Megan;Henderson;HL Mountain Tire;Accessories.Tires and Tubes;Sport Fan Co.
Megan;Henderson;HL Mountain Tire;Accessories.Tires and Tubes;Trikes, Inc.
Megan;Henderson;Mountain Tire Tube;Accessories.Tires and Tubes;Trikes, Inc.
Megan;Henderson;Patch Kit/8 Patches;Accessories.Tires and Tubes;Green Lake Bike Company
Megan;Henderson;Road Tire Tube;Accessories.Tires and Tubes;Victory Bikes
Megan;Henderson;Sport-100 Helmet, Blue;Accessories.Helmets;G & K Bicycle Corp.
Megan;Rodriguez;HL Mountain Tire;Accessories.Tires and Tubes;Sport Fan Co.
Megan;Rodriguez;HL Mountain Tire;Accessories.Tires and Tubes;Trikes, Inc.
Megan;Rodriguez;Mountain Tire Tube;Accessories.Tires and Tubes;Trikes, Inc.
Megan;Rodriguez;Patch Kit/8 Patches;Accessories.Tires and Tubes;Green Lake Bike Company
Mya;Flores;Bike Wash - Dissolver;Accessories.Cleaners;Green Lake Bike Company
Mya;Flores;HL Mountain Tire;Accessories.Tires and Tubes;Sport Fan Co.
Mya;Flores;HL Mountain Tire;Accessories.Tires and Tubes;Trikes, Inc.
Mya;Flores;Patch Kit/8 Patches;Accessories.Tires and Tubes;Green Lake Bike Company
Naomi;Munoz;Bike Wash - Dissolver;Accessories.Cleaners;Green Lake Bike Company
Naomi;Munoz;HL Mountain Tire;Accessories.Tires and Tubes;Sport Fan Co.
Naomi;Munoz;HL Mountain Tire;Accessories.Tires and Tubes;Trikes, Inc.
Naomi;Munoz;Long-Sleeve Logo Jersey, XL;Clothing.Jerseys;Integrated Sport Products
Naomi;Munoz;Mountain Tire Tube;Accessories.Tires and Tubes;Trikes, Inc.
Naomi;Munoz;Patch Kit/8 Patches;Accessories.Tires and Tubes;Green Lake Bike Company
Natalie;Adams;Hydration Pack - 70 oz.;Accessories.Hydration Packs;Green Lake Bike Company
Noah;Powell;Fender Set - Mountain;Accessories.Fenders;Green Lake Bike Company
Noah;Powell;Sport-100 Helmet, Blue;Accessories.Helmets;G & K Bicycle Corp.
Olivia;Brown;HL Mountain Tire;Accessories.Tires and Tubes;Sport Fan Co.
Olivia;Brown;HL Mountain Tire;Accessories.Tires and Tubes;Trikes, Inc.
Olivia;Brown;Patch Kit/8 Patches;Accessories.Tires and Tubes;Green Lake Bike Company
Robert;Collins;HL Mountain Tire;Accessories.Tires and Tubes;Sport Fan Co.
Robert;Collins;HL Mountain Tire;Accessories.Tires and Tubes;Trikes, Inc.
Robert;Collins;Mountain Tire Tube;Accessories.Tires and Tubes;Trikes, Inc.
Robert;Collins;Patch Kit/8 Patches;Accessories.Tires and Tubes;Green Lake Bike Company
Robert;Collins;Sport-100 Helmet, Red;Accessories.Helmets;G & K Bicycle Corp.
Samantha;Long;HL Mountain Tire;Accessories.Tires and Tubes;Sport Fan Co.
Samantha;Long;HL Mountain Tire;Accessories.Tires and Tubes;Trikes, Inc.
Samantha;Long;Long-Sleeve Logo Jersey, S;Clothing.Jerseys;Integrated Sport Products
Samantha;Long;Mountain Bottle Cage;Accessories.Bottles and Cages;Green Lake Bike Company
Samantha;Long;Mountain Tire Tube;Accessories.Tires and Tubes;Trikes, Inc.
Samantha;Long;Road Tire Tube;Accessories.Tires and Tubes;Victory Bikes
Samantha;Long;Sport-100 Helmet, Blue;Accessories.Helmets;G & K Bicycle Corp.
Samantha;Long;Water Bottle - 30 oz.;Accessories.Bottles and Cages;Green Lake Bike Company
Samuel;Collins;HL Mountain Tire;Accessories.Tires and Tubes;Sport Fan Co.
Samuel;Collins;HL Mountain Tire;Accessories.Tires and Tubes;Trikes, Inc.
Samuel;Collins;Patch Kit/8 Patches;Accessories.Tires and Tubes;Green Lake Bike Company
Sara;Richardson;HL Mountain Tire;Accessories.Tires and Tubes;Sport Fan Co.
Sara;Richardson;HL Mountain Tire;Accessories.Tires and Tubes;Trikes, Inc.
Sara;Richardson;Mountain Tire Tube;Accessories.Tires and Tubes;Trikes, Inc.
Sara;Richardson;Patch Kit/8 Patches;Accessories.Tires and Tubes;Green Lake Bike Company
Sarah;Thomas;Classic Vest, M;Clothing.Vests;Team Athletic Co.
Sarah;Thomas;HL Mountain Tire;Accessories.Tires and Tubes;Sport Fan Co.
Sarah;Thomas;HL Mountain Tire;Accessories.Tires and Tubes;Trikes, Inc.
Sarah;Thomas;Road Tire Tube;Accessories.Tires and Tubes;Victory Bikes
Seth;Williams;HL Mountain Tire;Accessories.Tires and Tubes;Sport Fan Co.
Seth;Williams;HL Mountain Tire;Accessories.Tires and Tubes;Trikes, Inc.
Seth;Williams;Mountain Tire Tube;Accessories.Tires and Tubes;Trikes, Inc.
Seth;Williams;Sport-100 Helmet, Black;Accessories.Helmets;G & K Bicycle Corp.
Spencer;Russell;Bike Wash - Dissolver;Accessories.Cleaners;Green Lake Bike Company
Spencer;Russell;Fender Set - Mountain;Accessories.Fenders;Green Lake Bike Company
Spencer;Russell;HL Mountain Tire;Accessories.Tires and Tubes;Sport Fan Co.
Spencer;Russell;HL Mountain Tire;Accessories.Tires and Tubes;Trikes, Inc.
Stephanie;Murphy;HL Mountain Tire;Accessories.Tires and Tubes;Sport Fan Co.
Stephanie;Murphy;HL Mountain Tire;Accessories.Tires and Tubes;Trikes, Inc.
Stephanie;Murphy;Mountain Tire Tube;Accessories.Tires and Tubes;Trikes, Inc.
Stephanie;Murphy;Patch Kit/8 Patches;Accessories.Tires and Tubes;Green Lake Bike Company
Stephanie;Murphy;Sport-100 Helmet, Red;Accessories.Helmets;G & K Bicycle Corp.
Stephanie;Torres;HL Mountain Tire;Accessories.Tires and Tubes;Sport Fan Co.
Stephanie;Torres;HL Mountain Tire;Accessories.Tires and Tubes;Trikes, Inc.
Stephanie;Torres;Mountain Tire Tube;Accessories.Tires and Tubes;Trikes, Inc.
Stephanie;Torres;Patch Kit/8 Patches;Accessories.Tires and Tubes;Green Lake Bike Company
Stephanie;Torres;Road Tire Tube;Accessories.Tires and Tubes;Victory Bikes
Stephanie;Torres;Sport-100 Helmet, Black;Accessories.Helmets;G & K Bicycle Corp.
Sydney;Bennett;Half-Finger Gloves, M;Clothing.Gloves;Team Athletic Co.
Sydney;Bennett;HL Mountain Tire;Accessories.Tires and Tubes;Sport Fan Co.
Sydney;Bennett;HL Mountain Tire;Accessories.Tires and Tubes;Trikes, Inc.
Sydney;Bennett;Mountain Tire Tube;Accessories.Tires and Tubes;Trikes, Inc.
Sydney;Bennett;Road Tire Tube;Accessories.Tires and Tubes;Victory Bikes
Sydney;Bennett;Sport-100 Helmet, Black;Accessories.Helmets;G & K Bicycle Corp.
Sydney;Garcia;HL Mountain Tire;Accessories.Tires and Tubes;Sport Fan Co.
Sydney;Garcia;HL Mountain Tire;Accessories.Tires and Tubes;Trikes, Inc.
Sydney;Garcia;Mountain Tire Tube;Accessories.Tires and Tubes;Trikes, Inc.
Sydney;Garcia;Patch Kit/8 Patches;Accessories.Tires and Tubes;Green Lake Bike Company
Sydney;Peterson;HL Mountain Tire;Accessories.Tires and Tubes;Sport Fan Co.
Sydney;Peterson;HL Mountain Tire;Accessories.Tires and Tubes;Trikes, Inc.
Sydney;Peterson;Long-Sleeve Logo Jersey, S;Clothing.Jerseys;Integrated Sport Products
Sydney;Peterson;Mountain Tire Tube;Accessories.Tires and Tubes;Trikes, Inc.
Sydney;Peterson;Short-Sleeve Classic Jersey, M;Clothing.Jerseys;Integrated Sport Products
Sydney;Peterson;Sport-100 Helmet, Black;Accessories.Helmets;G & K Bicycle Corp.
Sydney;Ross;HL Mountain Tire;Accessories.Tires and Tubes;Sport Fan Co.
Sydney;Ross;HL Mountain Tire;Accessories.Tires and Tubes;Trikes, Inc.
Sydney;Ross;Patch Kit/8 Patches;Accessories.Tires and Tubes;Green Lake Bike Company
Taylor;Howard;AWC Logo Cap;Clothing.Caps;Integrated Sport Products
Taylor;Howard;Mountain Bottle Cage;Accessories.Bottles and Cages;Green Lake Bike Company
Taylor;Howard;Water Bottle - 30 oz.;Accessories.Bottles and Cages;Green Lake Bike Company
Terrance;Raman;HL Mountain Tire;Accessories.Tires and Tubes;Sport Fan Co.
Terrance;Raman;HL Mountain Tire;Accessories.Tires and Tubes;Trikes, Inc.
Terrance;Raman;Patch Kit/8 Patches;Accessories.Tires and Tubes;Green Lake Bike Company
Thomas;Anderson;HL Mountain Tire;Accessories.Tires and Tubes;Sport Fan Co.
Thomas;Anderson;HL Mountain Tire;Accessories.Tires and Tubes;Trikes, Inc.
Thomas;Anderson;Mountain Tire Tube;Accessories.Tires and Tubes;Trikes, Inc.
Thomas;Anderson;Patch Kit/8 Patches;Accessories.Tires and Tubes;Green Lake Bike Company
Thomas;Anderson;Sport-100 Helmet, Black;Accessories.Helmets;G & K Bicycle Corp.
Tiffany;Li;Sport-100 Helmet, Blue;Accessories.Helmets;G & K Bicycle Corp.
Tiffany;Li;Sport-100 Helmet, Red;Accessories.Helmets;G & K Bicycle Corp.
Trevor;Jenkins;HL Mountain Tire;Accessories.Tires and Tubes;Sport Fan Co.
Trevor;Jenkins;HL Mountain Tire;Accessories.Tires and Tubes;Trikes, Inc.
Trevor;Jenkins;Mountain Tire Tube;Accessories.Tires and Tubes;Trikes, Inc.
Trevor;Jenkins;Patch Kit/8 Patches;Accessories.Tires and Tubes;Green Lake Bike Company
Trinity;Richardson;Half-Finger Gloves, S;Clothing.Gloves;Team Athletic Co.
Trinity;Richardson;HL Mountain Tire;Accessories.Tires and Tubes;Sport Fan Co.
Trinity;Richardson;HL Mountain Tire;Accessories.Tires and Tubes;Trikes, Inc.
Trinity;Richardson;Mountain Tire Tube;Accessories.Tires and Tubes;Trikes, Inc.
Trinity;Richardson;Road Bottle Cage;Accessories.Bottles and Cages;Green Lake Bike Company
Trinity;Richardson;Sport-100 Helmet, Blue;Accessories.Helmets;G & K Bicycle Corp.
Trinity;Richardson;Water Bottle - 30 oz.;Accessories.Bottles and Cages;Green Lake Bike Company
Victoria;Lewis;HL Mountain Tire;Accessories.Tires and Tubes;Sport Fan Co.
Victoria;Lewis;HL Mountain Tire;Accessories.Tires and Tubes;Trikes, Inc.
Victoria;Lewis;Mountain Tire Tube;Accessories.Tires and Tubes;Trikes, Inc.
Victoria;Lewis;Patch Kit/8 Patches;Accessories.Tires and Tubes;Green Lake Bike Company
Victoria;Stewart;Hitch Rack - 4-Bike;Accessories.Bike Racks;Green Lake Bike Company
Victoria;Stewart;Sport-100 Helmet, Blue;Accessories.Helmets;G & K Bicycle Corp.